{
  "JABr": {
    "kind": "isotonic",
    "xs": [
      3.075751478905116,
      3.559305387729696,
      5.166535775302925,
      5.382579485239706,
      6.469538288247008,
      6.689406429384662,
      6.8905818747276095,
      7.607216356452402,
      8.729535476092893,
      9.481834325847569,
      9.625994906869268,
      9.935280762741217,
      10.008043233786436,
      10.029318336177305,
      10.839141864006146,
      11.09745346787568,
      11.151901255480718,
      11.522649253510233,
      12.54075759984878,
      13.74527744268325,
      13.756747455563074,
      13.85611465285959,
      14.082119671432908,
      15.6446121712592,
      16.281923503741666,
      16.374089254207274,
      18.56325045891907,
      40.2541772130018,
      43.71825346027074
    ],
    "ys": [
      2.5450496828063462,
      3.6096973482864656,
      4.57884675618479,
      4.57884675618479,
      5.534350564977511,
      5.534350564977511,
      5.925854008106517,
      5.925854008106517,
      5.925854008106517,
      5.925854008106517,
      7.497952219108471,
      7.497952219108471,
      7.497952219108471,
      7.497952219108471,
      8.242008220831073,
      8.242008220831073,
      8.242008220831073,
      8.242008220831073,
      8.242008220831073,
      11.07898622005145,
      11.07898622005145,
      11.07898622005145,
      11.07898622005145,
      11.07898622005145,
      11.07898622005145,
      11.07898622005145,
      11.07898622005145,
      16.95129741069744,
      19.77431091029348
    ]
  },
  "GABr": {
    "kind": "isotonic",
    "xs": [
      1.9252758739642697,
      1.938506530715837,
      2.288465614947227,
      2.488825861502755,
      2.712018206225665,
      3.727407695358726,
      4.403787068709667,
      5.422774114801217,
      5.942866229484861,
      6.124555488510903,
      6.139968353415522,
      6.237618110699209,
      6.372616633165823,
      7.316470646694862,
      7.632353736169297,
      7.965676614795078,
      8.571432098106689,
      8.671596776504025,
      9.010073565520518,
      9.028203798387644,
      9.448581312494376,
      10.534953057770542,
      11.726806628389316,
      11.891620360108828,
      15.771619925486466,
      16.54379480770957,
      16.90666500365807,
      21.42859277857593,
      35.049241301384114
    ],
    "ys": [
      1.7367607417197943,
      1.7367607417197943,
      3.147218713626916,
      3.147218713626916,
      3.147218713626916,
      3.9358112175687943,
      3.9358112175687943,
      3.9358112175687943,
      5.313640882505212,
      5.738249796583357,
      5.738249796583357,
      7.980754473423753,
      7.980754473423753,
      8.402466464059083,
      8.402466464059083,
      8.402466464059083,
      8.402466464059083,
      8.402466464059083,
      8.402466464059083,
      8.402466464059083,
      8.402466464059083,
      8.402466464059083,
      8.402466464059083,
      8.402466464059083,
      8.402466464059083,
      8.402466464059083,
      13.720200703399188,
      13.720200703399188,
      13.720200703399188
    ]
  },
  "AABr": {
    "kind": "isotonic",
    "xs": [
      2.819387195920894,
      4.789648478869789,
      8.741922060931097,
      9.724634879850518,
      10.281682341050262,
      10.625863923539551,
      11.067984334324148,
      13.61086821070264,
      15.231296932576202,
      16.527621103164773,
      16.61598863605256,
      17.643819108437963,
      17.732344730022685,
      20.77118122410021,
      21.567446031292416,
      23.59328670666462,
      25.243823575495448,
      27.99424957809888,
      28.02321140999748,
      30.05033574328287,
      34.05644143238094,
      35.37893291091931,
      45.19651042446182,
      63.44457177898153,
      68.68767817962446
    ],
    "ys": [
      3.0164057866288525,
      5.98628200593908,
      7.707032402982245,
      7.707032402982245,
      7.707032402982245,
      7.707032402982245,
      7.707032402982245,
      12.181490228979875,
      12.181490228979875,
      12.552284968813204,
      12.552284968813204,
      13.835637415121129,
      17.653309160389234,
      17.653309160389234,
      17.653309160389234,
      17.653309160389234,
      17.653309160389234,
      17.653309160389234,
      17.653309160389234,
      17.653309160389234,
      17.653309160389234,
      17.653309160389234,
      17.653309160389234,
      17.653309160389234,
      17.653309160389234
    ]
  },
  "JABr_4arm": {
    "kind": "isotonic",
    "xs": [
      2.7590834844136567,
      5.759699107062909,
      6.7015812958142815,
      9.3731230125828,
      9.891926898799708,
      10.246767538620215,
      10.638441451301848,
      10.678288924818636,
      10.949681639216854,
      12.0129312914338,
      12.071846412034269,
      12.331706666261145,
      12.457318874438863,
      13.532060325542377,
      13.764710556234354,
      13.847774889557709,
      15.574404295099535,
      17.35596007716325,
      19.18149515422724,
      19.682478738487827,
      20.50260111353132,
      20.82941514925651,
      21.408657404326085,
      22.448627379795607,
      22.4825014061502,
      28.12707065961958,
      28.69503719701281,
      29.343098807575924,
      34.00565883722445,
      34.03127044923728,
      39.46495707995824,
      52.90956838701474,
      54.81293336553637,
      60.63010870723478,
      80.54223676999672,
      81.05491466886139,
      116.99519798387465
    ],
    "ys": [
      2.6881524872483173,
      6.986349393857173,
      6.986349393857173,
      9.758897699497417,
      9.758897699497417,
      9.760398487624046,
      9.760398487624046,
      9.760398487624046,
      11.528297250950805,
      11.528297250950805,
      11.528297250950805,
      11.528297250950805,
      11.528297250950805,
      11.528297250950805,
      13.025554481313527,
      16.141737605620513,
      16.141737605620513,
      16.141737605620513,
      16.141737605620513,
      16.141737605620513,
      16.141737605620513,
      16.141737605620513,
      16.141737605620513,
      16.82832958606795,
      16.82832958606795,
      30.12518729091785,
      30.12518729091785,
      30.12518729091785,
      30.12518729091785,
      30.12518729091785,
      30.12518729091785,
      33.77780140155315,
      33.77780140155315,
      35.10128911950776,
      35.10128911950776,
      49.41727121962761,
      49.41727121962761
    ]
  },
  "Tornado": {
    "kind": "isotonic",
    "xs": [
      1.6273520044711371,
      2.189149056713738,
      2.6945047097666888,
      2.7638081801253183,
      2.9145055358357617,
      3.108833345625844,
      3.330794097660738,
      3.4223917460814053,
      3.482272126745201,
      3.5295281972349457,
      5.532770870939223,
      7.439096482679184,
      8.397815281335523,
      12.881947915698223,
      13.90056489644971,
      14.394163427684092,
      16.525820428995573,
      17.887133472487516
    ],
    "ys": [
      1.938592381042116,
      2.339511959968276,
      2.8326694944738353,
      2.8326694944738353,
      2.8326694944738353,
      2.8326694944738353,
      2.8326694944738353,
      2.8326694944738353,
      2.8326694944738353,
      2.8326694944738353,
      2.8326694944738353,
      3.1277284740525073,
      3.1277284740525073,
      3.1277284740525073,
      3.1277284740525073,
      3.1277284740525073,
      3.1277284740525073,
      3.1277284740525073
    ]
  }
}